Country_ID;Year;Adjusted savings: natural resources depletion (% of GNI);Adjusted savings: net forest depletion (% of GNI);Annual freshwater withdrawals, total (% of internal resources);CO2 emissions (metric tons per capita);Economic and Social Rights Performance Score;Electricity production from coal sources (% of total);Energy imports, net (% of energy use);Fossil fuel energy consumption (% of total);Heat Index 35;Heating Degree Days;Land Surface Temperature;Level of water stress: freshwater withdrawal as a proportion of available freshwater resources;Methane emissions (metric tons of CO2 equivalent per capita);Nitrous oxide emissions (metric tons of CO2 equivalent per capita);PM2.5 air pollution, mean annual exposure (micrograms per cubic meter);Renewable energy consumption (% of total final energy consumption);Tree Cover Loss (hectares)
AT;2013;0.149227841;0.040465079;6.345454545;7.754017979;2.379971119;9.456235476;63.41705212;66.25380351;0;7638.9;12.376825;9.643547941;0.900176637;0.457761668;14.50183038;34.58;7645
AT;2014;0.135585374;0.040313412;6.345454545;7.260930858;2.389794822;7.970332381;62.42378603;64.81315647;0;6793.49;13.9394383;9.643547941;0.87072359;0.45860056;12.81319702;35.67;9870
AT;2015;0.092315827;0.040715928;6.345454545;7.318859537;2.410801604;8.226608163;63.54485349;65.66182199;0;7038.29;13.5619841;9.643547941;0.855275822;0.465067116;13.35116934;34.82;7938
AT;2016;0.067795064;0.034813802;6.345454545;7.290777216;2.407397852;16.79499613;47.41131566;71.30324629;0;7272.37;12.8141586;9.643547941;0.837111404;0.457712713;12.30410306;34.63;17210
AT;2017;0.07764201;0.033175587;6.345454545;7.487036755;2.401372694;16.79499613;47.41131566;71.30324629;0;7427.61;12.5621113;9.643547941;0.826397869;0.445517724;11.96813105;33.97;18406
AT;2018;0.100695375;0.045019619;6.345454545;7.141140211;2.407031025;16.79499613;47.41131566;71.30324629;0;6839.11;13.0631993;9.643547941;0.801003152;0.436341405;12.31952644;34.08;26310
AT;2019;0.076995329;0.033315819;6.345454545;7.263331201;2.438455588;16.79499613;47.41131566;71.30324629;0;6957.15;13.3130646;9.643547941;0.784212366;0.425571911;12.16821803;33.98;33642
AT;2020;0.042082403;0.022769569;6.345454545;6.632645737;2.438455588;16.79499613;47.41131566;71.30324629;0;7079.31;13.0636333;9.643547941;0.769674008;0.421643853;13.63815962;35.77;25937
AT;2021;0.08287697;0.029071747;13.46723108;5.793648854;2.438455588;16.79499613;47.41131566;71.30324629;0;5899.288144;12.0623442;16.89458258;0.863101563;0.488674145;13.63815962;19.59;16652
BE;2013;0.044645677;0.014135906;40.24166667;8.651947187;2.454247578;6.278905603;73.19206874;70.8203058;0;5975.66;14.3436411;59.32432432;0.771488663;0.434403952;14.23228565;8.26;3315
BE;2014;0.050077279;0.012893655;37.96666667;8.061552368;2.455644721;6.156471148;76.2588603;72.65250484;0;4759.2;15.655647;55.97051597;0.761889131;0.431369728;12.83901513;9.13;4239
BE;2015;0.023255181;0.011037547;33.28333333;8.434836506;2.47155448;6.108011733;80.09179197;75.87078435;0;5244.82;15.6556349;49.06633907;0.756479813;0.424979834;13.20164452;9.42;3420
BE;2016;0.019605993;0.010682131;34.94200271;8.310660392;2.475857412;16.79499613;47.41131566;71.30324629;0;5433.25;14.9671608;51.5115519;0.745373673;0.408626801;12.37628991;9.2;4512
BE;2017;0.025323654;0.009450136;36.60067208;8.139438591;2.484248627;16.79499613;47.41131566;71.30324629;0;5189.53;15.8427792;53.95676474;0.717776789;0.403146284;12.82757618;9.66;4137
BE;2018;0.033363816;0.010617048;34.79166667;8.184366679;2.487935212;16.79499613;47.41131566;71.30324629;0;4998.84;16.9678873;51.28992629;0.716092278;0.404498641;12.76304285;10.65;4631
BE;2019;0.029264626;0.008317203;34.99166667;8.093790746;2.438455588;16.79499613;47.41131566;71.30324629;0;5098.11;16.0933769;51.58476658;0.703372351;0.402408548;12.6724532;10.2;5577
BE;2020;0.018831627;0.007552601;34.99166667;7.398130658;2.438455588;16.79499613;47.41131566;71.30324629;0;4734.95;17.2813144;51.58476658;0.691078974;0.395558796;13.63815962;12.28;5409
BE;2021;0.031309976;0.007439661;13.46723108;5.793648854;2.438455588;16.79499613;47.41131566;71.30324629;0;5899.288144;14.3430128;16.89458258;0.863101563;0.488674145;13.63815962;19.59;9143
BG;2013;0.504882421;0;26.03809524;5.45906018;2.333879177;45.02542432;37.14267985;70.20847929;0;4810.62;19.8122651;40.41688225;1.035201254;0.531114002;21.22186088;18.24;3693
BG;2014;0.315845662;0;25.6;5.821533906;2.314902211;45.4003026;36.55077772;71.04592252;0;4808.2;20.0625494;39.73686156;1.038733134;0.544565167;21.63806967;17.15;6689
BG;2015;0.232343513;0;26.80666667;6.207377524;2.309893899;46.20655697;47.41131566;71.30324629;0;4873.99;19.5626499;41.60987508;1.032683683;0.571756887;20.32357683;17.85;7293
BG;2016;0.187185141;0;27.09047619;5.834418985;2.290753469;16.79499613;47.41131566;71.30324629;0;4963.38;18.9371651;42.05041023;0.998996313;0.606581272;19.40617985;17.71;7395
BG;2017;0.309360816;0;26.94285714;6.20201084;2.290730012;16.79499613;47.41131566;71.30324629;0;5179.97;19.185533;41.82127282;1.001330646;0.607111488;19.66415885;17.11;7688
BG;2018;0.283908934;0;25.83333333;5.821777166;2.269553781;16.79499613;47.41131566;71.30324629;0;4814.66;19.4380759;40.09904649;0.994059143;0.605453165;19.65003099;19.59;9754
BG;2019;0.246339907;0;25.81904762;5.613710103;2.438455588;16.79499613;47.41131566;71.30324629;0;4491.4;20.5615453;40.0768719;0.983016683;0.626221837;19.36594583;19.32;4125
BG;2020;0.295402997;0;24.17142857;4.923280379;2.438455588;16.79499613;47.41131566;71.30324629;0;4735.23;20.9369587;37.51940276;1.006703421;0.624274629;13.63815962;21.08;4795
BG;2021;0.530094934;0;13.46723108;5.793648854;2.438455588;16.79499613;47.41131566;71.30324629;0;5899.288144;19.5628195;16.89458258;0.863101563;0.488674145;13.63815962;19.59;6684
CH;2013;0.001432245;0.001142632;4.257425743;5.381300293;2.400290504;0;51.51977132;52.10555859;0;8630.6;10.8155064;6.559877956;0.660766432;0.311943329;12.47195588;21.83;794
CH;2014;0.002629849;0.002376346;4.217821782;4.85956841;2.407422713;0;47.05136117;48.74185988;0;7797.25;12.1859893;6.498855835;0.644535297;0.305309094;10.60883998;22.2;1504
CH;2015;0.001914657;0.001818443;4.222566832;4.719745349;2.414640809;0;50.08899721;50.16822548;0;7803.98;12.6858763;6.506167048;0.63083372;0.299607505;11.59075488;23.94;773
CH;2016;0.001688476;0.001598244;4.217821782;4.737238602;2.411764744;16.79499613;47.41131566;71.30324629;0;8077.58;12.4378562;6.498855835;0.621854685;0.297966016;10.60281759;24.1;1679
CH;2017;0.001635334;0.00149585;4.217821782;4.57876628;2.410835646;16.79499613;47.41131566;71.30324629;0;8096.91;12.0613888;6.498855835;0.610826694;0.294064577;9.854778198;24.99;2542
CH;2018;0.00326582;0.003090405;4.217821782;4.402143727;2.404319478;16.79499613;47.41131566;71.30324629;0;7503.32;12.6893841;6.498855835;0.602388575;0.288535191;10.15005926;24.2;3134
CH;2019;0.00151943;0.001165334;4.217821782;4.358609865;2.438455588;16.79499613;47.41131566;71.30324629;0;7883.53;11.9369179;6.498855835;0.587940223;0.279884545;9.902709701;24.76;3519
CH;2020;0.001458494;0.001276734;4.217821782;4.042072815;2.438455588;16.79499613;47.41131566;71.30324629;0;7628.89;12.9370209;6.498855835;0.575960103;0.277456147;13.63815962;26.37;3928
CH;2021;0.00210978;0.001715228;13.46723108;5.793648854;2.438455588;16.79499613;47.41131566;71.30324629;0;5899.288144;11.0630417;16.89458258;0.863101563;0.488674145;13.63815962;19.59;3456
CY;2013;0.022379837;0;26.51282051;5.508034496;2.488514765;0;94.35630779;92.99080984;0;1100.89;29.5616983;28.26681247;0.591103979;0.295628106;16.29507954;9.73;14
CY;2014;0.017502722;0;27.82051282;5.787450244;2.476585686;0;94.02675052;92.90621503;0.43;923.7;29.4327792;29.66101695;0.594225861;0.284854189;16.41203304;9.49;33
CY;2015;0.009090744;0;29.74358974;5.771090223;2.46574791;0;47.41131566;71.30324629;1.15;1156.06;28.5631115;31.71131766;0.597283213;0.297753581;17.13237684;10.41;20
CY;2016;0.000224084;0;27.94871795;6.026642045;2.448462921;16.79499613;47.41131566;71.30324629;0.21;1013.37;30.4350043;29.79770366;0.606672222;0.295326207;14.41331917;10.27;569
CY;2017;0.003243428;0;27.69230769;6.091071498;2.467298913;16.79499613;47.41131566;71.30324629;0.63;1110.84;29.1885258;29.52433024;0.60960537;0.299441743;15.1441739;10.94;437
CY;2018;0.003093785;0;26.53846154;5.906151058;2.47343195;16.79499613;47.41131566;71.30324629;0.43;755.84;29.6852971;28.29414981;0.606727341;0.299323545;15.58861663;12.02;32
CY;2019;0.002366367;0;29.61538462;5.851879339;2.438455588;16.79499613;47.41131566;71.30324629;0.43;1067.66;27.9050559;31.57463095;0.60600973;0.300658019;15.57380293;11.97;43
CY;2020;0.00565437;0;35.25641026;5.471998009;2.438455588;16.79499613;47.41131566;71.30324629;0.36;1059.24;28.9685473;37.58884636;0.605802134;0.300320863;13.63815962;15.02;33
CY;2021;0.010088476;0;13.46723108;5.793648854;2.438455588;16.79499613;47.41131566;71.30324629;0;5899.288144;29.9392592;16.89458258;0.863101563;0.488674145;13.63815962;19.59;643
CZ;2013;0.109373595;0.01871826;12.54980989;9.787677169;2.408772676;50.82201656;28.10411363;77.18176944;0;6863.51;14.0625684;25.09580292;1.219515154;0.476359039;18.71154684;13.95;7659
CZ;2014;0.096605952;0.020635571;12.54752852;9.497131068;2.424851601;51.15516593;28.98980679;75.27852225;0;5820.16;15.562349;25.09124088;1.211895268;0.487259601;18.16896079;14.85;13940
CZ;2015;0.081797115;0.028649276;12.16730038;9.592919971;2.435473338;53.06115038;31.62369863;77.73458706;0;6089.94;15.4060208;24.33090024;1.210154639;0.529054501;17.63788699;14.84;8047
CZ;2016;0.089784365;0.042169686;12.43193916;9.747753525;2.44408221;16.79499613;47.41131566;71.30324629;0;6402.14;14.81161;24.86009732;1.180610345;0.529826278;16.71289546;14.77;22808
CZ;2017;0.123869671;0.068105963;12.39543726;9.773987068;2.449458347;16.79499613;47.41131566;71.30324629;0;6492.73;14.0931535;24.78710462;1.179152655;0.500321358;16.73176229;14.46;26512
CZ;2018;0.17667504;0.118193216;12.09125475;9.66462802;2.457231685;16.79499613;47.41131566;71.30324629;0;5904.98;16.18819;24.17883212;1.167339848;0.4856394;16.96278201;14.72;39206
CZ;2019;0.223781034;0.184073526;11.45247148;9.156117906;2.438455588;16.79499613;47.41131566;71.30324629;0;5921.79;15.3443105;22.90145985;1.164109933;0.475891602;16.75140093;15.88;73295
CZ;2020;0.246201644;0.222366217;10.3878327;8.304017496;2.438455588;16.79499613;47.41131566;71.30324629;0;6051.17;14.5617317;20.77250608;1.157389984;0.444527695;13.63815962;16.97;100258
CZ;2021;0.222302202;0.174396566;13.46723108;5.793648854;2.438455588;16.79499613;47.41131566;71.30324629;0;5899.288144;13.4377941;16.89458258;0.863101563;0.488674145;13.63815962;19.59;56293
DE;2013;0.059798713;0;23.66915888;9.624229367;2.417991708;47.24122949;62.09378398;81.08826801;0;6410.93;14.1867542;34.71217105;0.683042385;0.477160885;13.57835046;13.63;15499
DE;2014;0.039822108;0;23.394081;9.088527768;2.412295081;45.8101933;60.87591028;79.71052694;0;5320.83;15.1878215;34.30875366;0.659232435;0.486175831;12.24528447;14.02;21169
DE;2015;0.027278483;0;23.11900312;9.087344804;2.400251878;44.26280916;61.40016937;78.86255106;0;5680.83;14.8116934;33.90533626;0.64302962;0.471292257;12.72693664;14.55;12929
DE;2016;0.018549174;0;22.84392523;9.072972388;2.437535789;16.79499613;47.41131566;71.30324629;0;5909.41;14.5623764;33.50191886;0.626593159;0.459027914;11.77992518;14.24;26877
DE;2017;0.023560462;0;22.84392523;8.858344511;2.442909695;16.79499613;47.41131566;71.30324629;0;5831.13;14.1873459;33.50191886;0.618831272;0.444129621;11.88161987;15.22;33000
DE;2018;0.027858056;0;22.84392523;8.537042688;2.424605632;16.79499613;47.41131566;71.30324629;0;5421.68;16.6872467;33.50191886;0.598213979;0.420251176;11.92460308;16.04;52237
DE;2019;0.047726875;0;22.84392523;7.927187624;2.438455588;16.79499613;47.41131566;71.30324629;0;5499.78;15.5622506;33.50191886;0.583080283;0.421621829;11.80580716;17.07;108233
DE;2020;0.039652057;0;22.84392523;7.255221028;2.438455588;16.79499613;47.41131566;71.30324629;0;5362.53;15.8123659;33.50191886;0.5641788;0.406622829;13.63815962;18.6;186940
DE;2021;0.029548563;0;13.46723108;5.793648854;2.438455588;16.79499613;47.41131566;71.30324629;0;5899.288144;14.0623235;16.89458258;0.863101563;0.488674145;13.63815962;19.59;202278
DK;2013;0.954891066;0.008920163;16.81666667;7.11686268;2.45591215;41.13634401;4.908089604;70.25938711;0;6512.92;11.8436947;27.28501893;1.534350101;0.907741394;10.4485287;27.05;2015
DK;2014;0.797731914;0.010617722;16.48666667;6.347153128;2.4522252;34.37733035;0.944353805;67.70455812;0;5489.15;13.718956;26.74959438;1.497517794;0.935116532;11.03144858;30.19;5321
DK;2015;0.439260845;0.011001689;13.53;5.930324767;2.488615437;24.54485784;1.774998671;64.92708947;0;5963.62;12.0937654;21.95240671;1.48404864;0.957108753;10.16512436;32.53;2583
DK;2016;0.287534745;0.00825182;14.78325;6.169734341;2.490883035;16.79499613;47.41131566;71.30324629;0;6048.15;12.3435815;23.98580314;1.464900432;0.960455814;9.286433949;31.95;4656
DK;2017;0.395815904;0.007178425;14.92996667;5.756134453;2.486093927;16.79499613;47.41131566;71.30324629;0;6027.26;11.4686519;24.22385073;1.43790403;0.959789455;10.28076623;35.02;4360
DK;2018;0.476981359;0.008027439;18.43028333;5.718912959;2.493505479;16.79499613;47.41131566;71.30324629;0;5824.88;13.9692075;29.90310979;1.399255428;0.908113612;9.868317849;34.56;3162
DK;2019;0.351826482;0.006284346;15.7599;5.107386426;2.438455588;16.79499613;47.41131566;71.30324629;0;5767.31;12.5935977;25.57041644;1.358120424;0.932058943;9.785959755;37.29;9180
DK;2020;0.1136317;0.005276157;16.27383333;4.691237308;2.438455588;16.79499613;47.41131566;71.30324629;0;5541.46;13.0938174;26.40427258;1.333945294;0.941938807;13.63815962;39.7;3194
DK;2021;0.234051833;0.0053063;13.46723108;5.793648854;2.438455588;16.79499613;47.41131566;71.30324629;0;5899.288144;11.781271;16.89458258;0.863101563;0.488674145;13.63815962;19.59;4795
ES;2013;0.016803724;0;29.09172662;5.229400787;2.465736173;14.68564018;70.34306113;72.55135063;0;3916.21;21.8739104;44.10361282;0.797696581;0.420049055;10.3607232;16.92;63956
ES;2014;0.013834041;0;29.54946043;5.206009215;2.474885803;16.47396426;69.35978962;71.53112185;0;3278.94;23.1255357;44.79754601;0.796146203;0.438517308;9.830912644;17.33;74226
ES;2015;0.008408473;0;28.33633094;5.538855216;2.496244734;18.96238913;71.43266029;72.95554612;0;3413.52;23.6240358;42.95841854;0.830725482;0.441648608;10.53568076;16.3;65414
ES;2016;0.007110297;0;28.07643885;5.340585339;2.491366251;16.79499613;47.41131566;71.30324629;0;3575.33;23.1240409;42.56441718;0.827984568;0.436302081;9.576497124;16.71;107562
ES;2017;0.013704579;0;27.06294964;5.681590779;2.4911946;16.79499613;47.41131566;71.30324629;0;3361.44;24.3750553;41.02794819;0.834311961;0.444051638;9.749324875;15.18;98459
ES;2018;0.017194777;0;26.44694245;5.521059835;2.483521785;16.79499613;47.41131566;71.30324629;0.01;3707.97;22.1242536;40.09406953;0.836705639;0.448620007;9.769206907;16.9;119649
ES;2019;0.009815813;0;26.27203237;5.131798801;2.438455588;16.79499613;47.41131566;71.30324629;0;3498.39;23.8759295;39.82890252;0.834671557;0.435314447;9.728788477;16.68;71022
ES;2020;0.008526898;0;26.0971223;4.279594571;2.438455588;16.79499613;47.41131566;71.30324629;0;3433.47;22.8744121;43.25403923;0.83822816;0.442522555;13.63815962;19.35;101988
ES;2021;0.038645889;0;13.46723108;5.793648854;2.438455588;16.79499613;47.41131566;71.30324629;0;5899.288144;22.3735988;16.89458258;0.863101563;0.488674145;13.63815962;19.59;85792
EE;2013;0.731733643;0;13.75295043;14.2993497;2.505177752;2.237288136;7.226919055;17.19862975;0;7791.3;8.78104683;18.91774892;0.905714239;1.350602475;7.541812181;24.47;17089
EE;2014;0.785908943;0;13.53265146;13.38478333;2.482486151;4.153945043;3.397203439;14.49029111;0;7751.24;9.15683265;18.61471861;0.898102082;1.372553127;8.097020858;25.29;23577
EE;2015;0.465476776;0;12.70922612;10.92977307;2.503119323;5.327829509;-2.705959954;13.05621534;0;7210.6;9.78013574;17.4820632;0.889759919;1.383295217;6.563380324;28.17;25420
EE;2016;0.314829889;0;13.77970102;12.08946716;2.516030058;16.79499613;47.41131566;71.30324629;0;7902.91;8.65646964;18.95454545;0.828790936;1.338572495;6.517719719;27.23;36335
EE;2017;0.519486629;0;14.04327301;12.73243033;2.515662499;16.79499613;47.41131566;71.30324629;0;7886.77;8.59376704;19.31709957;0.836805737;1.366824268;5.683914429;27.52;38857
EE;2018;0.798768779;0;12.65570417;11.88893604;2.517856507;16.79499613;47.41131566;71.30324629;0;7630.19;9.96884288;17.40844156;0.831528577;1.357329168;5.985799478;28.59;40038
EE;2019;0.733624882;0;7.918568057;7.582120103;2.438455588;16.79499613;47.41131566;71.30324629;0;7289.45;9.8442572;10.89231602;0.823221767;1.379013956;5.893562381;31.34;45917
EE;2020;0.374756824;0;6.710875688;5.338399816;2.438455588;16.79499613;47.41131566;71.30324629;0;6733.16;10.0620971;9.231085498;0.825195806;1.374323989;13.63815962;40;36805
EE;2021;0.75117502;0;13.46723108;5.793648854;2.438455588;16.79499613;47.41131566;71.30324629;0;5899.288144;7.6867655;16.89458258;0.863101563;0.488674145;13.63815962;19.59;34004
FI;2013;0.109653814;0;3.344485981;9.228085749;2.596110486;15.71775405;45.30505616;42.62672305;0;9658.16;4.31338542;8.486127579;0.982176169;1.055156682;5.983816655;38.52;148661
FI;2014;0.089001223;0;2.946168224;8.452183205;2.604114757;12.35938556;46.19727551;42.18252679;0;9634.8;4.43739995;7.475456486;0.95409039;1.069593587;6.373112438;41.25;186629
FI;2015;0.050278394;0;2.547850467;7.813697924;2.612765826;8.303570127;45.33378503;40.20798299;0;9320.38;4.43827603;6.464785393;0.935315307;1.062090571;5.62877844;43.23;172639
FI;2016;0.02755601;0;2.14953271;8.31624753;2.617874674;16.79499613;47.41131566;71.30324629;0;9848.96;3.93761841;5.454114299;0.914389729;1.046482432;5.589432223;42.4;240428
FI;2017;0.079543771;0;2.14953271;7.809318955;2.616989724;16.79499613;47.41131566;71.30324629;0;10152.89;2.18763715;5.454114299;0.890096948;1.052642183;5.257788389;44.48;336199
FI;2018;0.088418299;0;2.61682243;8.049188427;2.607692;16.79499613;47.41131566;71.30324629;0;9823.01;3.93827076;6.639791321;0.860471637;1.057314031;5.596788665;44.3;269955
FI;2019;0.042369316;0;2.803738318;7.423039601;2.438455588;16.79499613;47.41131566;71.30324629;0;10056.43;3.06282982;7.11406213;0.840308269;1.088270321;5.565330197;45.6;289910
FI;2020;0.024237901;0;2.803738318;6.570145128;2.438455588;16.79499613;47.41131566;71.30324629;0;9026.72;4.81366415;7.11406213;0.814953791;1.062848032;13.63815962;47.49;254473
FI;2021;0.083429055;0;13.46723108;5.793648854;2.438455588;16.79499613;47.41131566;71.30324629;0;5899.288144;2.6879101;16.89458258;0.863101563;0.488674145;13.63815962;19.59;266899
FR;2013;0.009279657;0;13.5785;5.127899428;2.482611692;4.290238174;46.35287502;48.54358131;0;5225.61;16.6250071;23.77396481;0.979254793;0.585542347;13.61154039;13.44;30352
FR;2014;0.007044814;0;13.6485;4.614807136;2.479653255;2.157028986;43.48527185;46.22592306;0;4264.67;17.624855;23.89652456;0.957519327;0.586549027;11.58971968;13.19;44359
FR;2015;0.003947747;0;14.058;4.675935087;2.49301018;2.160448913;44.11016597;46.48797087;0;4548.58;17.8757438;24.61349908;0.945348134;0.593740664;12.30792454;13.34;37293
FR;2016;0.003011993;0;13.218;4.703475673;2.498465614;16.79499613;47.41131566;71.30324629;0;4844.15;17.3742626;23.14278211;0.928963234;0.569757089;11.4918237;14.25;60768
FR;2017;0.004044336;0;13.473;4.747916929;2.500738777;16.79499613;47.41131566;71.30324629;0;4736.51;17.6254302;23.58924976;0.912838615;0.593179031;11.43000879;14.12;69249
FR;2018;0.006770528;0;13.46146216;4.570517428;2.500499847;16.79499613;47.41131566;71.30324629;0;4394.35;18.8742424;23.56904868;0.898596158;0.567164339;11.53704439;15.21;69201
FR;2019;0.005434532;0;13.13603983;4.460164948;2.438455588;16.79499613;47.41131566;71.30324629;0;4559.67;18.3745837;22.99928184;0.882302796;0.554629295;11.40575038;15.53;81304
FR;2020;0.025601071;0.0229569;13.13603983;3.953682452;2.438455588;16.79499613;47.41131566;71.30324629;0;4223.71;18.6245956;22.99928184;0.865036701;0.535772118;13.63815962;16.87;77746
FR;2021;0.030078256;0.024571421;13.46723108;5.793648854;2.438455588;16.79499613;47.41131566;71.30324629;0;5899.288144;16.6256127;16.89458258;0.863101563;0.488674145;13.63815962;19.59;112886
UK;2013;0.616771334;0;5.276551724;7.076100428;2.52360793;37.04979;42.32391729;83.5597408;0;6137.31;11.8128151;13.04518329;0.849204526;0.444416698;11.42279633;5.18;28596
UK;2014;0.49151554;0;5.024137931;6.433347;2.513266083;30.31169753;39.67463181;82.7165785;0;5367.51;12.5627459;12.42114237;0.804880442;0.453492288;10.88658588;6.53;30372
UK;2015;0.30295401;0;5.627586207;6.159376361;2.531061195;22.80649074;34.62999027;80.35177127;0;5805.13;12.0621656;13.91304348;0.790663983;0.448290077;10.37250919;7.71;23997
UK;2016;0.247595303;0;5.806206897;5.824502691;2.528501287;16.79499613;47.41131566;71.30324629;0;5781.34;12.0619738;14.35464621;0.808775266;0.440867189;10.21445169;7.68;28808
UK;2017;0.354471446;0;5.806206897;5.553291497;2.528206274;16.79499613;47.41131566;71.30324629;0;5567.18;11.9368119;14.35464621;0.799258792;0.441842378;10.35539774;8.81;23042
UK;2018;0.561548668;0;5.806206897;5.425128404;2.507283581;16.79499613;47.41131566;71.30324629;0;5672.55;13.3126673;14.35464621;0.785854518;0.435666588;10.17141578;10.09;26251
UK;2019;0.08452299;0;5.806206897;5.175842473;2.438455588;16.79499613;47.41131566;71.30324629;0;5681.43;11.9373395;14.35464621;0.770580823;0.43716974;10.09284402;11.39;28377
UK;2020;0.08452299;0;5.806206897;4.601142251;2.438455588;16.79499613;47.41131566;71.30324629;0;5562.72;12.9379848;14.35464621;0.751561527;0.412882823;13.63815962;13.5;22842
UK;2021;0.08452299;0;13.46723108;5.793648854;2.438455588;16.79499613;47.41131566;71.30324629;0;5899.288144;12.4360068;16.89458258;0.863101563;0.488674145;13.63815962;19.59;26216
EL;2013;0.070803739;0.012627067;17.11206897;6.610378952;2.36496264;46.23384809;60.11986928;88.00125276;0;3151.17;22.1881622;20.07889945;0.931282587;0.444679614;16.69353;16.61;5907
EL;2014;0.061539125;0.012739741;17.09655172;6.385059031;2.343983441;51.14117156;61.97067022;86.04931718;0;3092.84;21.8124133;20.06069189;0.926334265;0.435426916;15.72743666;16.41;3803
EL;2015;0.03698665;0.012356476;17.08275862;6.285087825;2.364588431;42.65948825;64.17554664;82.57463513;0;3412.95;21.5625869;20.04450738;0.917533809;0.421903466;16.04385798;17.47;3840
EL;2016;0.051847854;0.012529572;17.47586207;6.20348737;2.365714493;16.79499613;47.41131566;71.30324629;0;3223.11;21.9365611;20.50576573;0.890612384;0.422267987;14.46980163;16.41;6034
EL;2017;0.059188867;0.014151074;17.47241379;6.210831583;2.375385867;16.79499613;47.41131566;71.30324629;0;3432.2;22.06298;20.5017196;0.89791313;0.427958075;14.43912017;16.38;8907
EL;2018;0.075920799;0.013199221;17.45172414;6.058130519;2.369789554;16.79499613;47.41131566;71.30324629;0;3002.66;21.9376515;20.47744285;0.872661625;0.410560561;14.51537033;17.86;7122
EL;2019;0.050069074;0.009643469;17.43965517;5.595284353;2.438455588;16.79499613;47.41131566;71.30324629;0;3156.76;22.0630383;20.46328141;0.871279165;0.412170721;14.2538714;18.52;7604
EL;2020;0.027466093;0.009108917;17.45172414;4.767184937;2.438455588;16.79499613;47.41131566;71.30324629;0;3222.04;22.1860033;20.47744285;0.879164204;0.41344179;13.63815962;20.08;5427
EL;2021;0.059458953;0.008614115;13.46723108;5.793648854;2.438455588;16.79499613;47.41131566;71.30324629;0;5899.288144;21.6866702;16.89458258;0.863101563;0.488674145;13.63815962;19.59;49039
HR;2013;0.902941482;0.248773268;1.869761273;3.997143588;2.413612104;17.35857174;47.41131566;71.30324629;0;4691.18;17.3436483;1.567140952;0.857072269;0.406322812;20.04200652;32.82;2998
HR;2014;0.693055599;0.209188421;1.833952255;3.830795144;2.420217472;17.62429294;45.8596927;70.70366234;0;3976.64;18.0927496;1.537127612;0.859669499;0.400179186;19.54244679;33.6;4559
HR;2015;0.568665138;0.20872447;1.812997347;3.94953949;2.429910812;20.55525894;47.41131566;71.30324629;0;4558.06;18.0315494;1.519564251;0.889353422;0.438237592;19.94360466;33.09;2669
HR;2016;0.419380996;0.191009967;1.766312997;4.042977719;2.428961183;16.79499613;47.41131566;71.30324629;0;4625.26;17.2189342;1.480435749;0.899316004;0.386473536;17.72824296;31.83;5373
HR;2017;0.521722482;0.225439836;1.784880637;4.220576836;2.430561581;16.79499613;47.41131566;71.30324629;0;4710.37;17.9363013;1.495998221;0.914224404;0.422465899;18.34290048;29.79;5847
HR;2018;0.598080237;0.198240538;1.785145889;4.020066328;2.428410911;16.79499613;47.41131566;71.30324629;0;4316.01;17.9069472;1.496220543;0.897854914;0.425904657;18.62479372;32.83;8285
HR;2019;0.462903313;0.180018669;1.777188329;4.064519478;2.438455588;16.79499613;47.41131566;71.30324629;0;4238.99;18.2185233;1.489550912;0.904864459;0.433040956;18.46495986;31.6;5978
HR;2020;0.305707602;0.174557712;1.763925729;3.860705392;2.438455588;16.79499613;47.41131566;71.30324629;0;4339.67;18.1567503;1.47843486;0.906365124;0.438044737;13.63815962;32.37;6052
HR;2021;0.464334271;0.150922479;13.46723108;5.793648854;2.438455588;16.79499613;47.41131566;71.30324629;0;5899.288144;17.4378017;16.89458258;0.863101563;0.488674145;13.63815962;19.59;5264
HU;2013;0.351947725;0;87.5;4.120313569;2.385528441;21.0734799;54.57649213;69.54963749;0;5114.28;18.6561614;9.067357513;0.756222632;0.604775498;17.48896034;17.18;8952
HU;2014;0.270954029;0;65.38333333;4.117501825;2.380961964;20.80157866;55.60738232;68.1924014;0;4373.9;19.0926014;6.775474957;0.741312739;0.589341355;17.52501676;15.72;15140
HU;2015;0.168194096;0;67.16666667;4.407596931;2.400499264;19.47135983;57.66670548;69.54979369;0;4914.62;19.7815209;6.960276339;0.735737877;0.589565454;17.54829004;15.6;10720
HU;2016;0.118517452;0;65.98333333;4.508691288;2.407556462;16.79499613;47.41131566;71.30324629;0;5119.43;18.4063739;6.837651123;0.736494434;0.643942719;15.73414047;15.34;14021
HU;2017;0.154645722;0;78.942;5.052101734;2.401365278;16.79499613;47.41131566;71.30324629;0;5191.55;18.3431993;8.180518135;0.731409555;0.646186351;16.57651016;14.55;14109
HU;2018;0.228381949;0;81.9743583;5.033254347;2.371213202;16.79499613;47.41131566;71.30324629;0;4698.45;19.2185649;8.494752155;0.722529195;0.651736105;16.63089611;13.6;13799
HU;2019;0.201281428;0;74.38458333;4.836876267;2.438455588;16.79499613;47.41131566;71.30324629;0;4535.36;19.0925344;7.708246978;0.715659658;0.648288074;16.49434933;13.64;14398
HU;2020;0.113013917;0;77.87666667;4.591652907;2.438455588;16.79499613;47.41131566;71.30324629;0;4822.52;18.8436928;8.070120898;0.713450118;0.665063535;13.63815962;14.76;12014
HU;2021;0.319632177;0;13.46723108;5.793648854;2.438455588;16.79499613;47.41131566;71.30324629;0;5899.288144;18.6557123;16.89458258;0.863101563;0.488674145;13.63815962;19.59;13753
IE;2013;0.014218286;0;2.15260771;7.718343463;2.444709883;16.74682307;82.71123564;86.27790247;0;5670.11;12.0312146;5.075927708;3.301281586;2.058072984;8.786223954;7.71;4773
IE;2014;0.015339237;0;2.304535147;7.633852469;2.435775091;15.33245505;84.25580305;84.43758716;0;5321.04;11.9062357;5.434178163;3.352725105;2.056861029;8.522230711;8.78;5718
IE;2015;0.003254468;0;2.456462585;7.887609351;2.41646835;17.34581302;85.66713692;85.34281977;0;5723.4;11.4685326;5.792428617;3.381839679;2.04902957;8.381681865;9.52;4484
IE;2016;0.058951008;0;2.608390023;8.203375787;2.432858842;16.79499613;47.41131566;71.30324629;0;5549.1;11.8441311;6.150679072;3.479284847;2.0718581;7.838263466;8.61;9388
IE;2017;0.11716584;0;2.76031746;7.848149556;2.433699706;16.79499613;47.41131566;71.30324629;0;5322.24;11.7188123;6.508929526;3.494263134;2.10634161;7.664546609;10.11;6129
IE;2018;0.132249348;0;2.912244898;7.699027554;2.428728969;16.79499613;47.41131566;71.30324629;0;5454.41;12.4677383;20.04213483;3.11940499;2.009884301;7.916850375;10.83;8380
IE;2019;0.063985692;0;3.134081633;7.257748757;2.438455588;16.79499613;47.41131566;71.30324629;0;5403.97;11.6560309;21.56882022;3.085467047;1.935823525;7.854094218;12.33;10370
IE;2020;0.030764671;0;3.144489796;6.76822759;2.438455588;16.79499613;47.41131566;71.30324629;0;5455.6;11.4051478;21.64044944;3.059509709;1.920193576;13.63815962;13.69;6207
IE;2021;0.099561455;0;13.46723108;5.793648854;2.438455588;16.79499613;47.41131566;71.30324629;0;5899.288144;12.4066632;16.89458258;0.863101563;0.488674145;13.63815962;19.59;8780
IS;2013;0.000386151;0.000386151;0.171235294;6.27555874;2.520437068;0;10.43891972;10.40420687;0;10837.93;0.81145361;0.39557005;1.681323288;1.092188761;6.091801055;76.62;0
IS;2014;0.000367072;0.000367072;0.162;6.254085392;2.526543636;0;10.96335223;10.92848727;0;10047.27;1.31239677;0.37423563;1.706641093;1.13913043;5.939603293;76.95;0
IS;2015;0.000317219;0.000317219;0.164411765;6.219488234;2.529901098;0;11.55755169;11.28886875;0;11042.02;0.31209811;0.379807039;1.696281988;1.155013044;5.833587216;77.76;0
IS;2016;0.000264637;0.000264637;0.152941176;4.868247282;2.546436321;16.79499613;47.41131566;71.30324629;0;10138.2;2.68686842;0.353308874;1.635900292;1.122183536;5.436588878;80.77;0
IS;2017;0.000224302;0.000224302;0.170588235;4.866045428;2.565742835;16.79499613;47.41131566;71.30324629;0;10238.98;2.43747373;0.394075282;1.578166008;1.132334473;5.709265082;80.68;0
IS;2018;0.000207091;0.000207091;0.170588235;4.817688768;2.563880311;16.79499613;47.41131566;71.30324629;0;10569.45;1.4370871;0.394075282;1.518706442;1.075887152;5.690458273;81.26;0
IS;2019;0.000109692;0.000109692;0.170588235;4.543450104;2.438455588;16.79499613;47.41131566;71.30324629;0;10623.53;2.68756412;0.394075282;1.462905523;1.023950117;5.698616135;81.57;0
IS;2020;0.000111998;0.000111998;0.170588235;3.947465365;2.438455588;16.79499613;47.41131566;71.30324629;0;10973.46;1.06176285;0.394075282;1.40577508;1.00599204;13.63815962;82.79;0
IS;2021;0.000112344;0.000112344;13.46723108;5.793648854;2.438455588;16.79499613;47.41131566;71.30324629;0;5899.288144;2.43856423;16.89458258;0.863101563;0.488674145;13.63815962;19.59;0
IT;2013;0.116142862;0;18.62111111;5.751877662;2.449520565;16.8431692;76.33877419;79.96433459;0;4185.35;19.8772811;29.94407241;0.742402835;0.275968428;18.13743581;16.32;15525
IT;2014;0.099850931;0;18.61469711;5.38744256;2.448865389;16.72827166;75.0013037;78.58642262;0;3686.51;20.1263592;29.93375824;0.71923454;0.267452695;17.10725238;17.13;19833
IT;2015;0.056666883;0;18.60828311;5.563294289;2.452473275;16.12007302;76.41798211;79.94845474;0.1;3960.89;20.6255888;29.92344406;0.731675602;0.269891944;18.04119054;16.57;14124
IT;2016;0.027146773;0;18.55803349;5.498244377;2.438876611;16.79499613;47.41131566;71.30324629;0;3924.99;20.1275993;29.8426391;0.730156599;0.270156856;15.75652778;16.09;24722
IT;2017;0.040472193;0;18.50778387;5.437912061;2.446339074;16.79499613;47.41131566;71.30324629;0.01;4127.13;21.1258507;29.76183413;0.732816704;0.267934793;16.09761447;16.43;34095
IT;2018;0.068788015;0;18.45753425;5.376940361;2.441058227;16.79499613;47.41131566;71.30324629;0;3825.05;20.1258887;29.68102917;0.736849115;0.272664232;16.26524128;17.08;38844
IT;2019;0.05810619;0.005092879;18.54520548;5.311030987;2.438455588;16.79499613;47.41131566;71.30324629;0.05;3982.96;20.6273965;29.82201075;0.741016913;0.275417847;16.08828133;17.27;59705
IT;2020;0.04517019;0.009771015;18.43561644;4.732372771;2.438455588;16.79499613;47.41131566;71.30324629;0;3894.55;20.8753859;29.64578377;0.738383268;0.269010275;13.63815962;18.69;28246
IT;2021;0.085616925;0.009792099;13.46723108;5.793648854;2.438455588;16.79499613;47.41131566;71.30324629;0;5899.288144;20.3760802;16.89458258;0.863101563;0.488674145;13.63815962;19.59;28264
LI;2013;0.08452299;0.006620921;13.46723108;5.23134508;2.438455588;16.79499613;47.41131566;71.30324629;0;8318.75;13.2600818;16.89458258;0.076844862;0.022564147;13.63815962;53.53;2
LI;2014;0.08452299;0.007423917;13.46723108;4.347077043;2.438455588;16.79499613;47.41131566;71.30324629;0;7102.21;15.3908553;16.89458258;0.069256254;0.021990889;13.63815962;54.97;3
LI;2015;0.08452299;0.002356969;13.46723108;4.277172909;2.438455588;16.79499613;47.41131566;71.30324629;0;7535.75;14.8347002;16.89458258;0.069942685;0.022768679;13.63815962;55.53;1
LI;2016;0.08452299;0.002159351;13.46723108;3.984106358;2.438455588;16.79499613;47.41131566;71.30324629;0;7763.04;15.0601336;16.89458258;0.0682041;0.022794384;13.63815962;55.82;5
LI;2017;0.08452299;0.001789236;13.46723108;4.1112037;2.438455588;16.79499613;47.41131566;71.30324629;0;8023.35;14.0950979;16.89458258;0.067852939;0.022716408;13.63815962;55.33;4
LI;2018;0.08452299;0.003171761;13.46723108;3.744019355;2.438455588;16.79499613;47.41131566;71.30324629;0;7202.32;15.8709091;16.89458258;0.067485739;0.022632487;13.63815962;56.81;7
LI;2019;0.08452299;0.001842082;13.46723108;3.872608388;2.438455588;16.79499613;47.41131566;71.30324629;0;7562.43;14.7215909;16.89458258;0.067108388;0.02254454;13.63815962;56.13;12
LI;2020;0.08452299;0;13.46723108;3.663847998;2.438455588;16.79499613;47.41131566;71.30324629;0;7457.09;14.9682834;16.89458258;0.066783388;0.02247363;13.63815962;55.21;3
LI;2021;0.08452299;0;13.46723108;5.793648854;2.438455588;16.79499613;47.41131566;71.30324629;0;5899.288144;13.4146538;16.89458258;0.863101563;0.488674145;13.63815962;55.31;1
LT;2013;0.055198952;0;2.892626132;3.831065403;2.397115655;0;76.49818377;70.02233644;0;7312.73;10.0934676;3.224224946;1.209032182;1.519030639;13.0277502;26.34;13923
LT;2014;0.045259732;0;2.313065977;3.704481738;2.399578131;0;75.04470837;67.99374947;0;7091.53;11.4063508;2.578226388;1.186574058;1.554852344;13.3329535;27.73;15972
LT;2015;0.020409684;0;2.469598965;3.809894282;2.390067644;0;47.41131566;71.30324629;0;6721.29;12.2182997;2.752703677;1.1869754;1.573871837;11.80372346;28.96;15794
LT;2016;0.012338092;0;1.991591203;3.905926684;2.405992024;16.79499613;47.41131566;71.30324629;0;7237.68;11.3439543;2.219899063;1.169322766;1.544119353;10.78161948;31.47;25532
LT;2017;0.014815077;0;1.675291074;3.967680702;2.413933053;16.79499613;47.41131566;71.30324629;0;7151.63;11.2183468;1.867339582;1.154843329;1.578005106;10.19686116;33.78;25804
LT;2018;0.015877717;0;1.645472186;4.159315063;2.431182941;16.79499613;47.41131566;71.30324629;0;6975.19;13.7811293;1.834102379;1.113014102;1.539505392;10.48238618;33.73;19750
LT;2019;0.008314605;0;1.645472186;4.200151961;2.438455588;16.79499613;47.41131566;71.30324629;0;6476.93;13.2180072;1.834102379;1.085557506;1.606018292;10.37350411;33.54;24565
LT;2020;0.004072641;0;1.645472186;4.184000415;2.438455588;16.79499613;47.41131566;71.30324629;0;6246.88;12.2815285;1.834102379;1.072802968;1.650924568;13.63815962;31.7;22970
LT;2021;0.007342011;0;13.46723108;5.793648854;2.438455588;16.79499613;47.41131566;71.30324629;0;5899.288144;9.15664318;16.89458258;0.863101563;0.488674145;13.63815962;19.59;22634
LU;2013;0.033213291;0.012301824;4.31;18.72294611;2.269701956;0;96.62699352;84.50600181;0;6520.56;14.38971;3.573797678;1.025825655;0.671867022;11.90044543;5.71;348
LU;2014;0.029546593;0.014970246;4.6;17.3339397;2.279848484;0;96.00213678;83.33175267;0;5293.89;15.6687577;3.814262023;1.01155876;0.651104638;10.15031354;6.85;430
LU;2015;0.017732403;0.017732403;4.48;16.03464863;2.308206466;0;96.31074869;80.56229521;0;5781.31;16.2828237;3.714759536;0.988096913;0.634954663;10.61470309;9.09;327
LU;2016;0.014112836;0.014112836;4.44;15.19877529;2.301927636;16.79499613;47.41131566;71.30324629;0;6055.58;14.5943115;3.68159204;0.968346849;0.626291352;9.921704411;13.5;521
LU;2017;0.012584585;0.012584585;4.56;15.1030627;2.310078933;16.79499613;47.41131566;71.30324629;0;5838.34;15.7161091;3.781094527;0.957600782;0.626873548;9.845420415;15.32;413
LU;2018;0.017464586;0.017464586;5.22;15.33152397;2.300353866;16.79499613;47.41131566;71.30324629;0;5420.68;16.9091626;4.328358209;0.920375389;0.617477742;10.13585944;16.05;458
LU;2019;0.012389747;0.012389747;4.93;15.3230398;2.438455588;16.79499613;47.41131566;71.30324629;0;5646.03;16.076666;4.087893864;0.901147926;0.620515649;10.06890585;16.45;509
LU;2020;0.009012233;0.009012233;4.78;12.45695323;2.438455588;16.79499613;47.41131566;71.30324629;0;5251.36;16.1547057;3.963515755;0.881577192;0.568710099;13.63815962;20.79;655
LU;2021;0.00620788;0.00620788;13.46723108;5.793648854;2.438455588;16.79499613;47.41131566;71.30324629;0;5899.288144;14.5944752;16.89458258;0.863101563;0.488674145;13.63815962;19.59;1055
LV;2013;0.070597145;0;1.393152302;3.702785436;2.40182469;0.016105653;50.60951568;58.92421248;0;7639.25;9.04612393;1.390689452;1.026408909;1.094701411;15.55702788;39.6;27766
LV;2014;0.070213249;0;0.994687131;3.65250564;2.408395545;0;45.16008775;56.71742757;0;7474.23;10.3590608;0.992928698;1.064817821;1.126325316;16.19572343;40.24;32203
LV;2015;0.027372028;0;1.04309327;3.699519653;2.43044006;0;47.41131566;71.30324629;0;7027.5;10.5933007;1.041249263;1.033424065;1.173590711;13.78739916;38.1;30830
LV;2016;0.014890573;0;1.097153878;3.646422599;2.432908736;16.79499613;47.41131566;71.30324629;0;7578.2;9.9053096;1.095214302;1.047974702;1.171424253;12.896183;38.48;44945
LV;2017;0.028461008;0;1.069170962;3.664156174;2.435445962;16.79499613;47.41131566;71.30324629;0;7601.01;9.28094903;1.067280854;1.054274627;1.176266283;11.78077521;42.6;47085
LV;2018;0.063475156;0;1.082343566;4.039697505;2.431394191;16.79499613;47.41131566;71.30324629;0;7303.08;11.9063158;1.080430171;1.038065513;1.149885844;12.208934;40.97;46923
LV;2019;0.046901077;0;1.054480519;3.954965509;2.438455588;16.79499613;47.41131566;71.30324629;0;6879.49;11.5942303;1.052616382;1.034607945;1.211475451;12.01165835;41.48;57403
LV;2020;0.024215831;0;1.06972255;3.645612168;2.438455588;16.79499613;47.41131566;71.30324629;0;6499.55;10.9695174;1.067831467;1.027552188;1.238551436;13.63815962;43.75;50463
LV;2021;0.051110585;0;13.46723108;5.793648854;2.438455588;16.79499613;47.41131566;71.30324629;0;5899.288144;7.96822902;16.89458258;0.863101563;0.488674145;13.63815962;19.59;48422
NL;2013;0.932413422;0;96.72727273;9.348141014;2.483884804;27.06908076;10.38468626;91.5543679;0;5796.8;14.4685882;20.20125309;1.021509676;0.511755606;12.72082828;4.94;514
NL;2014;0.572471423;0;86.27272727;8.881905066;2.485834905;31.348508;19.76928935;90.92188386;0;4568.62;15.5938967;18.01784697;1.018763825;0.527594122;12.18576243;5.53;875
NL;2015;0.341319075;0;76.46363636;9.290242937;2.484189992;38.65358408;35.02100765;93.46100461;0;5088.82;14.6551477;15.96924245;1.02878573;0.544585266;12.65099613;5.75;894
NL;2016;0.195597658;0;72.94;9.306892404;2.49109469;16.79499613;47.41131566;71.30324629;0;5222.68;14.6219753;15.23333966;1.019866798;0.528118055;11.51731149;5.62;1407
NL;2017;0.215336076;0;71.96545455;9.089265634;2.505118934;16.79499613;47.41131566;71.30324629;0;5012.88;14.7803738;15.02980824;0.964537863;0.513597941;12.42053652;6.39;1333
NL;2018;0.320730425;0;73.54727273;8.785144105;2.502264079;16.79499613;47.41131566;71.30324629;0;4903.52;16.467841;16.36698361;0.901206871;0.490088689;12.07642052;7.44;1271
NL;2019;0.201138067;0;76.39454545;8.41396928;2.438455588;16.79499613;47.41131566;71.30324629;0;4919.32;15.5930908;17.00060692;0.895918718;0.490094944;12.0392862;8.61;2481
NL;2020;0.072465705;0;75.50909091;7.471553479;2.438455588;16.79499613;47.41131566;71.30324629;0;4676.17;16.4072227;16.80356059;0.871517736;0.477992782;13.63815962;10.79;1922
NL;2021;0.302246219;0;13.46723108;5.793648854;2.438455588;16.79499613;47.41131566;71.30324629;0;5899.288144;14.4053112;16.89458258;0.863101563;0.488674145;13.63815962;19.59;2457
NO;2013;6.233683722;0;0.720890052;7.801169496;2.525939219;0.113162865;-494.8157478;61.84011851;0;10261.75;0.18743901;2.094144487;0.926103644;0.674745583;7.27897533;57.24;33069
NO;2014;5.741884816;0;0.727434555;7.716801577;2.537039923;0.109045077;-582.8993394;57.97823335;0;9567.58;0.37066713;2.113155894;0.898841279;0.674959286;7.454135917;56.32;39149
NO;2015;3.777854223;0;0.710340314;7.764858661;2.545516736;0.104917942;-581.3465735;56.95162865;0;9811.67;0.18745369;2.063498099;0.894113051;0.673936406;7.00932544;57.28;36639
NO;2016;2.884514469;0;0.693246073;7.56103856;2.525375399;16.79499613;47.41131566;71.30324629;0;10005.75;0.6874845;2.013840304;0.883009209;0.673882241;6.594523915;58.37;60082
NO;2017;4.017260385;0;0.70447644;7.42375167;2.531289317;16.79499613;47.41131566;71.30324629;0;10267.16;-1.0629449;2.046463878;0.87276653;0.672522266;6.652507161;59.52;57917
NO;2018;5.422994076;0;0.70447644;7.261315879;2.522422942;16.79499613;47.41131566;71.30324629;0;10081.49;0.31279181;2.046463878;0.846856129;0.660583631;6.695799295;59.74;59220
NO;2019;4.581251482;0;0.70447644;7.042320943;2.438455588;16.79499613;47.41131566;71.30324629;0;10243.43;-0.6264288;2.046463878;0.817117833;0.666821428;6.642383374;60.6;64784
NO;2020;3.180995074;0;0.70447644;6.72508005;2.438455588;16.79499613;47.41131566;71.30324629;0;9506.48;-0.1253483;2.046463878;0.807283473;0.654895604;13.63815962;61.29;68363
NO;2021;7.713108155;0;13.46723108;5.793648854;2.438455588;16.79499613;47.41131566;71.30324629;0;5899.288144;-0.4378843;16.89458258;0.863101563;0.488674145;13.63815962;19.59;63937
PL;2013;0.340743491;0;20.97014925;7.841820794;2.505853786;85.20686249;27.33209502;91.14640642;0;6664.28;13.3125298;38.90619592;0.813678417;0.601907993;23.69389027;11.41;35015
PL;2014;0.26892381;0;19.83395522;7.516889192;2.511924203;82.99328741;28.39101101;90.0879643;0;5957.9;14.4375554;36.79820007;0.795425714;0.588986266;23.91940281;11.58;56279
PL;2015;0.202021645;0;19.49253731;7.610021183;2.509554276;80.90616462;28.54636235;90.29137544;0;5931.95;14.9376174;36.16476289;0.785152468;0.594766614;22.76911952;11.87;42743
PL;2016;0.176974697;0;19.19589552;7.895752254;2.529732527;16.79499613;47.41131566;71.30324629;0;6242.8;14.0624543;35.61439945;0.763862738;0.618980153;21.81786779;11.34;86510
PL;2017;0.240568821;0;18.80597015;8.236243136;2.528969529;16.79499613;47.41131566;71.30324629;0;6320.01;13.4373004;34.89096573;0.773008698;0.635380883;22.779038;11.13;96252
PL;2018;0.283466956;0;17.90671642;8.209531333;2.53806107;16.79499613;47.41131566;71.30324629;0;5942.55;15.937271;33.22256836;0.796188901;0.606769289;22.74705532;15.05;96846
PL;2019;0.180124337;0;16.76115485;7.768855783;2.438455588;16.79499613;47.41131566;71.30324629;0;5665.63;15.4372945;31.0971928;0.782226567;0.616625133;22.6420051;15.62;76721
PL;2020;0.111785662;0;16.16977612;7.367563373;2.438455588;16.79499613;47.41131566;71.30324629;0;5725.43;14.4378079;30;0.779448727;0.603297238;13.63815962;16.14;74959
PL;2021;0.320485036;0;13.46723108;5.793648854;2.438455588;16.79499613;47.41131566;71.30324629;0;5899.288144;12.6880541;16.89458258;0.863101563;0.488674145;13.63815962;19.59;77568
PT;2013;0.056799201;0;23.01508772;4.451935228;2.469572888;23.42581232;73.17307897;73.34962913;0;3065.15;22.8121339;17.57229924;1.097587347;0.29784544;8.917701837;30.17;51884
PT;2014;0.051662381;0;22.83953216;4.416000981;2.450289619;23.00275217;71.66828631;72.8127263;0;2650.88;22.5618859;17.43826044;1.101456685;0.312307451;8.77615963;30.46;60259
PT;2015;0.020395193;0;22.66397661;4.812853275;2.461895073;28.71823872;76.86056368;77.02412256;0;2612.7;23.8118584;17.30422164;1.109248498;0.312024171;8.893342519;27.21;46097
PT;2016;0.014775029;0;22.48842105;4.716035676;2.473179514;16.79499613;47.41131566;71.30324629;0;2847.7;22.8127682;17.17018284;1.107421534;0.307521284;7.921467562;29;94647
PT;2017;0.046045389;0;16.21439474;5.171956157;2.487326291;16.79499613;47.41131566;71.30324629;0;2519.83;24.8121469;12.37988748;1.12325578;0.3158074;8.478894344;24.42;173895
PT;2018;0.085826192;0;16.13034211;4.809612613;2.482781515;16.79499613;47.41131566;71.30324629;0;2996.52;22.906568;12.31571228;1.107544465;0.303722047;8.29850884;27.47;97437
PT;2019;0.093458126;0;16.13034211;4.332448043;2.438455588;16.79499613;47.41131566;71.30324629;0;2696.64;23.4364716;12.31571228;1.111906847;0.306988804;8.254802244;28.19;36886
PT;2020;0.177444129;0.09700364;16.13034211;3.784907587;2.438455588;16.79499613;47.41131566;71.30324629;0;2548.84;23.1869046;12.31571228;1.105479298;0.30029278;13.63815962;31.21;62044
PT;2021;0.248724788;0.092045015;13.46723108;5.793648854;2.438455588;16.79499613;47.41131566;71.30324629;0;5899.288144;22.8125554;16.89458258;0.863101563;0.488674145;13.63815962;19.59;37224
RO;2013;1.211974675;0;15.14393582;3.607471352;2.167185414;28.96337297;18.75932353;73.49376345;0;5720.08;17.5633163;6.008800674;0.854752931;0.431414082;16.48954454;23.07;12946
RO;2014;0.937295591;0;14.82302973;3.593303303;2.20439368;27.31204564;16.77549802;72.52369457;0;5503;18.6876707;5.881471772;0.863021241;0.419230885;16.55872786;24.31;19482
RO;2015;0.60320227;0;15.25483719;3.699829468;2.182683707;27.63872455;47.41131566;71.30324629;0;5526.19;18.4383631;6.052804045;0.868354083;0.432343257;16.09492405;23.67;10906
RO;2016;0.362175747;0;15.04011326;3.633348386;2.180904753;16.79499613;47.41131566;71.30324629;0;5803.03;17.0629686;5.967606029;0.866666385;0.43979252;15.19734324;24.4;23045
RO;2017;0.477322075;0;15.98159509;3.788308728;2.185660198;16.79499613;47.41131566;71.30324629;0;5806.35;17.9372762;6.341166557;0.870668536;0.467706496;15.71390854;23.35;19187
RO;2018;0.643401073;0;15.13921661;3.861061715;2.178865259;16.79499613;47.41131566;71.30324629;0;5499.28;18.0621963;6.00692819;0.863181885;0.500939185;15.69941205;23.03;18974
RO;2019;0.475352117;0;15.13921661;3.817062957;2.438455588;16.79499613;47.41131566;71.30324629;0;5202.56;18.8120269;6.00692819;0.858917162;0.499360738;15.67108952;23.54;12266
RO;2020;0.230256745;0;15.13921661;3.564137501;2.438455588;16.79499613;47.41131566;71.30324629;0;5357.06;18.1848245;6.00692819;0.854334163;0.47504477;13.63815962;24.06;27446
RO;2021;0.750715752;0;13.46723108;5.793648854;2.438455588;16.79499613;47.41131566;71.30324629;0;5899.288144;17.4377448;16.89458258;0.863101563;0.488674145;13.63815962;19.59;14699
RS;2013;1.05136495;0;56.01284644;6.486829109;2.372488751;73.13839957;23.67934184;88.48592488;0;4956.98;18.8131124;5.307111462;1.55105696;0.682032672;28.69870346;20.03;2798
RS;2014;0.956035933;0;46.8062329;5.466697221;2.359795667;66.2739939;28.78146807;83.87126164;0;4613.09;18.5943209;4.434802209;1.596706049;0.579947238;28.20153736;23.25;4388
RS;2015;0.508476682;0;55.77494945;6.399950503;2.383695413;72.42984439;47.41131566;71.30324629;0;5049.27;19.0641734;5.284571171;1.623258866;0.551769655;27.89252544;21.24;2815
RS;2016;0.388347211;0;55.98905674;6.607094434;2.386049171;16.79499613;47.41131566;71.30324629;0;5106.14;17.5635085;5.304857433;1.622066868;0.60335793;25.34308507;20.91;4676
RS;2017;0.495790252;0;63.95860592;6.743135953;2.3742711;16.79499613;47.41131566;71.30324629;0;5252.72;19.1874444;6.059957173;1.634437297;0.562770458;26.41632295;20;3571
RS;2018;0.584568883;0;66.10562626;6.615354386;2.360262794;16.79499613;47.41131566;71.30324629;0;4762.69;18.9393493;6.263383298;1.638480656;0.498544869;25.88760434;21.05;3966
RS;2019;0.474261968;0;66.83240157;6.627579916;2.438455588;16.79499613;47.41131566;71.30324629;0;4639.45;19.5626875;6.332243886;1.661238746;0.588844138;25.35417205;21.53;3962
RS;2020;0.266130029;0;63.33412632;6.714517172;2.438455588;16.79499613;47.41131566;71.30324629;0;4926.07;18.6868027;6.00078891;1.700911882;0.6339499;13.63815962;26.01;4987
RS;2021;0.637500291;0;13.46723108;5.793648854;2.438455588;16.79499613;47.41131566;71.30324629;0;5899.288144;19.0637254;16.89458258;0.863101563;0.488674145;13.63815962;19.59;4072
SK;2013;0.018704385;0;5.058730159;6.081287651;2.338680368;12.36585537;60.67990345;66.42439974;0;6517.58;14.3145531;2.742685026;0.798270231;0.359192834;19.63711495;10.68;5076
SK;2014;0.014677306;0;4.438888889;5.617285785;2.324847657;12.36186828;58.82671105;63.94609543;0;5664.83;15.188489;2.406626506;0.752887538;0.372552252;19.3125724;12.24;17366
SK;2015;0.013010038;0;4.552380952;5.670137972;2.337790017;12.51126464;60.65114478;64.0914951;0;6142.55;15.0626392;2.468158348;0.772613277;0.358541514;19.11555836;13.41;5283
SK;2016;0.012106301;0;4.407142857;5.799847463;2.345557263;16.79499613;47.41131566;71.30324629;0;6371.15;14.811345;2.389414802;0.78544937;0.377551345;17.8694289;13.09;16943
SK;2017;0.013210678;0;4.415079365;6.173022221;2.342973355;16.79499613;47.41131566;71.30324629;0;6567.42;13.5638877;2.393717728;0.782314258;0.35990614;18.2454102;12.43;14213
SK;2018;0.012047635;0;4.416666667;6.059571809;2.354499506;16.79499613;47.41131566;71.30324629;0;5855.22;15.0618751;2.394578313;0.781162476;0.372055829;18.49542534;12.43;17699
SK;2019;0.009487713;0;4.433333333;5.6897073;2.438455588;16.79499613;47.41131566;71.30324629;0;5861.69;15.0627109;2.403614458;0.808895965;0.374721401;18.36521464;17.64;10331
SK;2020;0.007780392;0;4.404761905;5.319054808;2.438455588;16.79499613;47.41131566;71.30324629;0;6054.57;14.3126785;2.388123924;0.807921166;0.372184886;13.63815962;17.64;11947
SK;2021;0.012411815;0;13.46723108;5.793648854;2.438455588;16.79499613;47.41131566;71.30324629;0;5899.288144;13.9377392;16.89458258;0.863101563;0.488674145;13.63815962;19.59;6098
SI;2013;0.157268997;0.146146186;6.189608998;7.062345597;2.504585909;30.84319059;47.28520685;63.74931631;0;5729.2;15.1862852;7.813387424;0.877981386;0.389217141;18.4258514;22.48;639
SI;2014;0.230327538;0.223439648;5.250669523;6.359276036;2.501756419;21.90176543;44.49892058;59.66320668;0;4841.55;15.8129088;6.628127113;0.840320204;0.384235408;18.05674056;22.91;5389
SI;2015;0.240998263;0.235404725;4.804499197;6.367580618;2.525026997;29.59438483;48.54314649;61.11419949;0;5393.78;15.6858457;6.064908722;0.856856285;0.391371087;17.92089482;21.38;1025
SI;2016;0.235164847;0.228629277;4.752544189;6.732550718;2.528865881;16.79499613;47.41131566;71.30324629;0;5487.4;14.6864003;5.999323868;0.872222972;0.394242604;16.52950459;20.96;5395
SI;2017;0.233472819;0.225137561;4.988752009;6.834970006;2.533849752;16.79499613;47.41131566;71.30324629;0;5594.89;15.0642345;6.29749831;0.863886636;0.393792653;16.70789043;19.71;4892
SI;2018;0.227195828;0.217188505;5.147295126;6.785737362;2.536434656;16.79499613;47.41131566;71.30324629;0;5141.42;15.5617236;6.497633536;0.834010989;0.392487026;17.08366574;20.63;8236
SI;2019;0.205588535;0.199419878;5.056239957;6.543333724;2.438455588;16.79499613;47.41131566;71.30324629;0;5137.14;15.436964;6.382691007;0.822378677;0.394215705;16.96940443;20.86;3456
SI;2020;0.184391196;0.179634505;5.372254954;5.934735179;2.438455588;16.79499613;47.41131566;71.30324629;0;5296.17;15.4358819;6.781609195;0.807232621;0.384267476;13.63815962;22.4;3889
SI;2021;0.156536775;0.148835531;13.46723108;5.793648854;2.438455588;16.79499613;47.41131566;71.30324629;0;5899.288144;14.8096989;16.89458258;0.863101563;0.488674145;13.63815962;19.59;2233
SE;2013;0.094933067;0;1.462339181;4.206927664;2.522948922;0.729264005;28.9998175;30.01601561;0;9492.59;4.06238124;3.608369408;0.575817677;0.586443999;6.171492562;47.27;197658
SE;2014;0.073405186;0;1.425614035;4.021509657;2.532926716;0.575042005;28.2711851;29.77474727;0;8932.87;5.06280713;3.517748918;0.555440407;0.602664336;6.454065914;48.61;242523
SE;2015;0.070208071;0;1.388888889;3.992178534;2.568564354;0.666950738;24.65208338;25.11709613;0;9023.88;4.18702063;3.427128427;0.530901682;0.605344061;5.870147043;51.91;216031
SE;2016;0.081336349;0;1.401520468;3.899110005;2.563192248;16.79499613;47.41131566;71.30324629;0;9398.62;3.68755091;3.458297258;0.518656336;0.599755396;5.44671115;50.89;310348
SE;2017;0.135653656;0;1.414152047;3.794924047;2.56168044;16.79499613;47.41131566;71.30324629;0;9557.54;2.68743078;3.48946609;0.508583607;0.611475739;5.693011634;51.82;331217
SE;2018;0.165515769;0;1.426783626;3.529743944;2.572319677;16.79499613;47.41131566;71.30324629;0;9382.85;3.81266441;3.520634921;0.488392651;0.587911475;5.688407622;51.56;290151
SE;2019;0.119056045;0;1.439415205;3.401593966;2.438455588;16.79499613;47.41131566;71.30324629;0;9450.57;3.06208507;3.551803752;0.472217629;0.602516734;5.647572855;52.87;332891
SE;2020;0.117260008;0;1.452046784;3.242989143;2.438455588;16.79499613;47.41131566;71.30324629;0;8555.34;4.93753831;3.582972583;0.462850283;0.616323767;13.63815962;58.4;339968
SE;2021;0.576044788;0;13.46723108;5.793648854;2.438455588;16.79499613;47.41131566;71.30324629;0;5899.288144;2.93792374;16.89458258;0.863101563;0.488674145;13.63815962;19.59;333157
TR;2013;0.214311808;0;22.57268722;4.1903947;2.325580986;26.56045704;73.06535542;88.15732151;0.01;5160.24;21.8753928;38.05986779;0.583310127;0.404174597;27.81978844;13.8;22543
TR;2014;0.171847426;0;22.89427313;4.426835448;2.346172332;30.26753928;74.20811136;89.5439509;0.06;4674.6;22.6254083;38.60209463;0.60402805;0.396646685;27.78269564;11.51;22005
TR;2015;0.097844114;0;23.66079295;4.518290365;2.303934196;29.09509021;75.20788004;86.84318766;0.08;5071.2;21.1250853;39.89452574;0.54351988;0.396554912;28.61166279;13.34;27735
TR;2016;0.081775504;0;26.25991189;4.747839002;2.304296131;16.79499613;47.41131566;71.30324629;0.17;5040.6;21.8750654;44.27690708;0.562103134;0.419672126;27.7790227;13.23;25633
TR;2017;0.091114661;0;25.89823128;5.20587915;2.273489772;16.79499613;47.41131566;71.30324629;0.1;5194.53;21.3760573;43.66707643;0.559970266;0.409259862;26.28925045;11.4;33901
TR;2018;0.157524196;0;26.91347137;5.08691958;2.340882553;16.79499613;47.41131566;71.30324629;0.05;4278.95;22.3743029;45.37887544;0.592369594;0.41048476;26.54401982;11.83;35668
TR;2019;0.170580829;0;27.10730396;4.828961059;2.438455588;16.79499613;47.41131566;71.30324629;0.08;4703.28;22.1243817;45.7056971;0.597522784;0.423414449;26.03180162;14.12;39118
TR;2020;0.155812831;0;27.10730396;4.885863926;2.438455588;16.79499613;47.41131566;71.30324629;0.14;4723.29;22.6247801;45.7056971;0.604964443;0.457303104;13.63815962;13.72;45349
TR;2021;0.08452299;0;13.46723108;5.793648854;2.438455588;16.79499613;47.41131566;71.30324629;0;5899.288144;22.3745715;16.89458258;0.863101563;0.488674145;13.63815962;19.59;79284
